,Age,Days_missed,GPA
Mean,16.9961089494,18.0111386139,2.98844672657
Median,17.0,18.0,3.0
Mode(s),[15.0],"[6.0, 14.0, 31.0]",[2.0]
Standard Deviation,1.45806682496,9.62937084345,0.818249448564
Missing Values,229,192,221
