,Age,Days_missed,GPA
Mean,16.996108949416342,18.011138613861387,2.988446726572529
Median,17.0,18.0,3.0
Mode,1.4580668249557998,9.629370843452733,0.8182494485644533
Standard Deviation,15.0,6.0,2.0
Missing Values,229.0,192.0,221.0
